Cluster,Recency,Frequency,Monetary,Segment
0,93.05797773654916,3.8972634508348794,1548.6768933209648,Loyal Customers
1,6.038461538461538,66.42307692307692,85904.35153846155,Champions
